"","Diesel PM","PM2.5","EJDiesel","EJPM2.5"
"1",0,12.917054,0,5579.38111663
"2",0,12.815167,0,10035.9409905
"3",0,12.798141,0,10642.2041746
"4",0,12.762886,0,3445.34996554
"5",0,12.866697,0,13275.2912249
"6",0,12.765767,0,4070.52983081
"7",0,12.638419,0,852.354255735
"8",0,12.676439,0,4277.46246516
"9",0,12.688889,0,11549.2141933
"10",0,12.599332,0,125.019082951
"11",0,12.983077,0,12303.344247
"12",0,12.776996,0,2222.67282417
"13",0,12.840095,0,18655.5469379
"14",0,12.798141,0,16075.3066721
"15",0,12.896452,0,16134.9062282
"16",0,12.866697,0,8160.35143255
"17",0,12.866697,0,2866.29519197
"18",0,12.815167,0,11393.5553563
"19",0,12.776996,0,11034.0749741
"20",0,12.79052,0,10641.258716
"21",0,12.823767,0,13876.0370237
"22",0,12.79052,0,10308.2354609
"23",0,12.688889,0,6037.75573957
"24",0,12.638225,0,1200.74341922
"25",0,12.638225,0,5881.09382607
"26",0,12.630796,0,-1020.66307273
"27",0,12.719855,0,5410.39047231
"28",0,12.620432,0,7710.95272079
"29",0,12.620432,0,4789.94818951
"30",0,12.691379,0,5446.38570339
"31",0,12.734511,0,9163.2901634
"32",0,12.691379,0,2961.52895703
"33",0,12.638419,0,10831.8049862
"34",0,12.697918,0,8112.34101241
"35",0,12.676439,0,13156.3512776
"36",0,12.638419,0,3190.27343383
"37",0,12.630796,0,-1988.69854273
"38",0,12.599332,0,-187.001166018
"39",0,12.60998,0,-1406.65218643
"40",0,12.697918,0,7752.79054128
"41",0,12.734511,0,2107.31271802
"42",0,12.917054,0,4414.81665901
"43",0,12.921569,0,7491.00970777
"44",0,12.856113,0,5271.88347654
"45",0,12.905848,0,12021.1038601
"46",0,12.910218,0,12018.9308605
"47",0,12.909371,0,10238.3164527
"48",0,12.910218,0,6564.6791131
"49",0,12.901337,0,20209.1085771
"50",0,12.880426,0,12203.4666037
"51",0,12.909371,0,12484.3534524
"52",0,12.991007,0,7261.78543418
"53",0,12.882991,0,4544.77819868
"54",0,12.882991,0,8356.48384991
"55",0,12.891722,0,11197.6666288
"56",0,12.891722,0,11577.8421192
"57",0,12.900051,0,3895.52130004
"58",0,12.900051,0,4354.05045489
"59",0,12.88325,0,2989.55642775
"60",0,12.88325,0,10376.8480095
"61",0,12.991007,0,16216.8237796
"62",0,12.987549,0,22237.0869737
"63",0,13.030039,0,11752.2632456
"64",0,12.8405,0,11297.8856859
"65",0,12.89165,0,8600.31739731
"66",0,12.900021,0,11800.7712621
"67",0,12.613196,0,5096.03292046
"68",0,12.89165,0,14129.1551495
"69",0,12.900021,0,8603.23249039
"70",0,12.917054,0,7163.92813755
"71",0,13.032483,0,8352.12275379
"72",0,12.670419,0,11473.338773
"73",0,13.032483,0,10117.1220938
"74",0,13.044314,0,10105.879574
"75",0,13.044314,0,8745.13783885
"76",0,12.921569,0,6895.99423755
"77",0,12.674584,0,2362.97576529
"78",0,12.969672,0,7182.60625096
"79",0,12.952097,0,11534.6868008
"80",0,12.987549,0,14039.1843476
"81",0,12.969672,0,7660.2496716
"82",0,12.952097,0,10995.3950257
"83",0,13.030039,0,12106.4479202
"84",0,13.030039,0,4164.64032681
"85",0,12.882991,0,12699.8446175
"86",0,12.555121,0,-1772.15800483
"87",0,12.749649,0,3036.61039866
"88",0,12.869966,0,7346.22039215
"89",0,12.937217,0,11790.1192778
"90",0,12.937217,0,9204.40853938
"91",0,12.869966,0,12063.3440667
"92",0,12.958489,0,21271.6738949
"93",0,12.866857,0,13383.9722773
"94",0,12.983077,0,10162.6339053
"95",0,12.670419,0,4756.30154798
"96",0,12.734588,0,3968.22148049
"97",0,12.862988,0,11572.2491354
"98",0,12.900068,0,12797.3904772
"99",0,12.765767,0,4970.74503117
"100",0,12.765767,0,7369.76518022
"101",0,12.70368,0,10088.0138372
"102",0,12.642229,0,6172.90725696
"103",0,12.642229,0,904.255875856
"104",0,12.725326,0,499.078888364
"105",0,12.863235,0,4975.57117603
"106",0,12.863235,0,10806.8293247
"107",0,12.900068,0,3132.83017894
"108",0,12.862988,0,6943.74128966
"109",0,12.840095,0,11143.5318398
"110",0,12.863235,0,13299.9565701
"111",0,12.532897,0,-4421.90276853
"112",0,12.973783,0,11367.1481273
"113",0,12.972279,0,6250.68987157
"114",0,13.055254,0,9691.65651693
"115",0,13.053419,0,16980.7328382
"116",0,13.053419,0,7623.41806782
"117",0,12.856113,0,11208.9125526
"118",0,12.908176,0,10779.0213752
"119",0,12.590342,0,564.177840534
"120",0,12.590342,0,-958.01934815
"121",0,12.971555,0,10574.9174497
"122",0,12.638225,0,859.698967383
"123",0,12.749649,0,1099.25915952
"124",0,12.676439,0,4489.68889044
"125",0,13.063394,0,11630.6597234
"126",0,12.627441,0,3292.84208035
"127",0,12.627441,0,3763.44515962
"128",0,12.613196,0,3585.68091717
"129",0,12.674584,0,481.119613399
"130",0,12.666239,0,2848.59291656
"131",0,12.771664,0,7128.93219932
"132",0,12.771664,0,2363.84151258
"133",0,12.749649,0,3541.53575814
"134",0,13.049483,0,11441.8113205
"135",0,12.97173,0,5323.01001307
"136",0,12.922923,0,18980.129775
"137",0,13.049483,0,13556.0034374
"138",0,9.731635,0,4712.39704114
"139",0,9.731635,0,4338.87799244
"140",0,9.731747,0,7849.80320983
"141",0,9.731635,0,3014.21969007
"142",0,9.742948,0,4438.56168955
"143",0,9.734339,0,3473.59840368
"144",0,9.708589,0,8107.57681895
"145",0,9.744197,0,13342.0087088
"146",0,9.669074,0,2348.71135969
"147",0,9.71109,0,2125.41339577
"148",0,9.744197,0,3164.6402835
"149",0,9.744197,0,3482.45606737
"150",0,9.734339,0,2330.49029568
"151",0,9.731635,0,4002.99176906
"152",0,9.731747,0,4943.84387881
"153",0,9.731747,0,3085.45016958
"154",0,9.714826,0,4278.00066
"155",0,9.705913,0,6660.65609303
"156",0,9.708589,0,6437.53298695
"157",0,9.721029,0,8264.70079015
"158",0,9.733038,0,4503.51570874
"159",0,9.683424,0,5150.86542851
"160",0,9.721029,0,5613.35164569
"161",0,9.721029,0,3968.13026266
"162",0,9.702793,0,3471.85849305
"163",0,9.702793,0,3717.8604091
"164",0,9.734339,0,2858.75529357
"165",0,9.744197,0,2088.77653189
"166",0,9.742948,0,5638.30214078
"167",0,9.714826,0,4496.95466123
"168",0,9.699857,0,2847.47287573
"169",0,9.705913,0,7004.05835818
"170",0,9.702793,0,8895.45807789
"171",0,9.669074,0,1182.98434932
"172",0,9.699857,0,3646.76386079
"173",0,9.641579,0,6537.50924562
"174",0,9.705913,0,7449.79238487
"175",0,9.752296,0,317.005920251
"176",0,9.725769,0,1125.68861554
"177",0,9.745375,0,1584.49099791
"178",0,9.745375,0,2788.99526803
"179",0,9.669074,0,1916.09739706
"180",0,9.683424,0,4962.88857032
"181",0,9.641579,0,3498.18825232
"182",0,9.744325,0,922.161301012
"183",0,9.752296,0,555.867182601
"184",0,9.699857,0,4495.95126319
"185",0,9.702793,0,2979.51369166
"186",0,9.653003,0,3693.81201604
"187",0,9.731747,0,10637.8557607
"188",0,9.745375,0,2091.58282461
"189",0,9.622306,0,10007.2133786
"190",0,9.749006,0,5304.89960969
"191",0,9.697689,0,6300.18088276
"192",0,9.687499,0,7197.93733476
"193",0,9.71109,0,4594.17808619
"194",0,9.733038,0,4932.42425402
"195",0,9.733038,0,2737.44088675
"196",0,9.753634,0,1713.26949789
"197",0,9.708589,0,5990.84042349
"198",0,9.661017,0,3547.43831873
"199",0,9.71109,0,2315.43785354
"200",0,9.726665,0,2469.07797218
"201",0,9.726665,0,2851.39740857
"202",0,9.694694,0,5187.77328224
"203",0,9.71109,0,3504.5321438
"204",0,9.689249,0,2387.82640451
"205",0,9.691236,0,8569.89937427
"206",0,9.726665,0,3590.44752758
"207",0,9.716883,0,2562.8158895
"208",0,9.721029,0,7773.39567527
"209",0,9.689249,0,2815.21434769
"210",0,9.726665,0,6398.79756021
"211",0,9.669074,0,11516.8940455
"212",0,9.681106,0,189.233875975
"213",0,9.681106,0,3929.84459863
"214",0,9.733038,0,4752.17176523
"215",0,9.697689,0,6926.21168915
"216",0,9.694694,0,4634.40507406
"217",0,9.643481,0,5799.54443084
"218",0,9.734339,0,5238.46391074
"219",0,9.733038,0,4513.83476577
"220",0,9.697689,0,6769.32872259
"221",0,10.37288,0,1787.86781023
"222",0,10.281229,0,2924.34860059
"223",0,10.281229,0,2312.99074504
"224",0,10.281229,0,5827.56527805
"225",0,10.264152,0,5315.59649773
"226",0,10.281229,0,3855.58269487
"227",0,10.281229,0,3682.06337725
"228",0,10.264152,0,2524.53104325
"229",0,10.264152,0,5496.01095958
"230",0,10.298273,0,690.482204886
"231",0,10.281229,0,3168.41116867
"232",0,10.380262,0,-160.667311338
"233",0,9.816581,0,1817.61483333
"234",0,10.296036,0,-17.828422229
"235",0,10.179421,0,2543.17468811
"236",0,9.99923,0,1161.70524484
"237",0,10.179421,0,6105.95889309
"238",0,9.99923,0,1337.44979559
"239",0,9.99923,0,3486.85525884
"240",0,9.99923,0,1746.5114019
"241",0,10.179421,0,3123.55545234
"242",0,10.179421,0,4729.93359476
"243",0,10.296036,0,1512.32626493
"244",0,10.296036,0,4455.49394742
"245",0,10.296036,0,-1617.48908589
"246",0,10.296036,0,-1368.70114298
"247",0,10.485348,0,2690.29370948
"248",0,10.485348,0,8529.19654723
"249",0,10.485348,0,2057.73423745
"250",0,10.296036,0,6730.76815984
"251",0,10.296036,0,1618.57698573
"252",0,10.485348,0,2938.62535124
"253",0,10.485348,0,3816.63487858
"254",0,10.207809,0,1196.20216808
"255",0,10.207809,0,140.512143363
"256",0,10.342816,0,739.926034636
"257",0,10.342816,0,-82.175088834
"258",0,9.816581,0,1376.27274996
"259",0,9.816581,0,19330.8099028
"260",0,9.816581,0,1569.61018436
"261",0,9.860393,0,57.5964787908
"262",0,10.48559,0,1172.11723781
"263",0,10.48559,0,2095.10779304
"264",0,10.48559,0,2644.87231709
"265",0,10.549688,0,2572.28862756
"266",0,10.549688,0,4441.77291388
"267",0,10.549688,0,-12.4507391392
"268",0,10.383145,0,2741.24182393
"269",0,10.440536,0,-2208.35803997
"270",0,10.440536,0,-211.612141585
"271",0,10.440536,0,885.332056008
"272",0,10.440536,0,-950.126339389
"273",0,10.383145,0,4311.05930298
"274",0,10.48559,0,3456.98654023
"275",0,10.531307,0,0
"276",0,10.069123,0,618.670372721
"277",0,10.210119,0,-2498.83718052
"278",0,10.210119,0,1306.03808498
"279",0,10.210119,0,6711.77734381
"280",0,10.175096,0,3323.09847757
"281",0,10.175096,0,3534.72081932
"282",0,10.219464,0,-519.718392465
"283",0,10.219464,0,-83.9014073264
"284",0,10.069123,0,7965.68388298
"285",0,10.069123,0,-24.9671452833
"286",0,9.87162,0,3831.33106882
"287",0,10.210119,0,9969.70863406
"288",0,9.87162,0,2963.92880576
"289",0,10.219464,0,609.703393682
"290",0,10.069123,0,3709.80121808
"291",0,10.069123,0,1516.62377058
"292",0,10.148978,0,377.482371468
"293",0,9.777557,0,7656.41572063
"294",0,9.777557,0,2561.22878472
"295",0,10.056106,0,1059.11159553
"296",0,9.920439,0,6236.72564077
"297",0,9.777557,0,1199.18175859
"298",0,9.920439,0,492.516707787
"299",0,9.920439,0,4145.82002188
"300",0,9.920439,0,1922.33351416
"301",0,9.981782,0,-2590.88859477
"302",0,9.981782,0,2779.17070568
"303",0,10.056106,0,1033.38460898
"304",0,10.106079,0,406.454149976
"305",0,10.106079,0,3871.9721054
"306",0,10.080895,0,752.281696558
"307",0,10.080895,0,657.147212484
"308",0,9.835264,0,-67.6555467537
"309",0,9.835264,0,-1271.82257353
"310",0,9.835264,0,3141.41303926
"311",0,9.920439,0,-1700.88956803
"312",0,9.463889,0,795.815919515
"313",0,9.463889,0,-45.921223298
"314",0,9.569221,0,1851.61444526
"315",0,9.569221,0,-103.359770275
"316",0,9.569221,0,1177.5776943
"317",0,9.569221,0,-350.969771446
"318",0,10.723174,0,-1050.47242058
"319",0,10.723174,0,769.732171412
"320",0,10.892173,0,519.730608809
"321",0,10.522127,0,881.560638293
"322",0,10.308334,0,-2205.34498946
"323",0,9.968088,0,1295.94358946
"324",0,10.713766,0,305.066272859
"325",0,9.683325,0,1540.3251176
"326",0,9.683325,0,79.5682434654
"327",0,10.633805,0,-1246.61777417
"328",0,9.683325,0,321.589380825
"329",0,10.271521,0,-460.108549699
"330",0,9.798184,0,3.92851884402
"331",0,10.204425,0,500.491116092
"332",0,10.633805,0,-721.73905796
"333",0,10.999275,0,1578.49170252
"334",0,10.999275,0,-1144.55213946
"335",0,9.837782,0,447.737857653
"336",0,10.308334,0,-7.60737183929
"337",0,9.968088,0,-689.187698538
"338",0,9.837782,0,2554.9650207
"339",0,9.968088,0,-74.8709282213
"340",0,10.327279,0,-141.480435034
"341",0,9.798184,0,-73.5480018145
"342",0,10.308334,0,2301.38237766
"343",0,10.204425,0,1265.52175597
"344",0,9.968088,0,-427.007856177
"345",0,9.798184,0,6070.77261616
"346",0,10.327279,0,-3817.73430799
"347",0,10.204425,0,221.527745875
"348",0,9.683325,0,2022.75237617
"349",0,10.725814,0,-85.5734193317
"350",0,9.837782,0,1678.81421985
"351",0,10.713766,0,-1040.70025827
"352",0,10.725814,0,-562.939598109
"353",0,10.327279,0,500.000509158
"354",0,10.204425,0,-1063.62677579
"355",0,10.633805,0,18.6748794729
"356",0,10.327279,0,711.084892754
"357",0,10.713766,0,433.062216771
"358",0,10.271521,0,-334.787095146
"359",0,10.725814,0,3012.39618125
"360",0,10.633805,0,-116.737176869
"361",0,9.36111,0,911.693132551
"362",0,9.36111,0,-143.82192982
"363",0,9.596417,0,426.432179118
"364",0,9.462654,0,2091.22195874
"365",0,9.462654,0,279.823666523
"366",0,9.462654,0,848.601544834
"367",0,9.596417,0,-186.873622102
"368",0,9.365912,0,-317.602114047
"369",0,9.462654,0,322.645864206
"370",0,9.365912,0,-535.293318416
"371",0,9.365912,0,-815.465993584
"372",0,9.36111,0,799.099033821
"373",0,9.492702,0,591.630734839
"374",0,9.548373,0,485.78036068
"375",0,9.548373,0,128.828508602
"376",0,9.576785,0,1244.42971349
"377",0,9.492702,0,187.220736338
"378",0,9.576785,0,1478.57214379
"379",0,9.492702,0,-107.74899637
"380",0,9.576785,0,99.1388950238
"381",0,9.492702,0,2382.50587669
"382",0,9.900157,0,-416.470153783
"383",0,9.823263,0,-1133.14824497
"384",0,9.823263,0,1994.33141499
"385",0,9.823263,0,-141.344550838
"386",0,9.712034,0,1508.76565779
"387",0,9.712034,0,-31.030732297
"388",0,9.823263,0,-349.967324199
"389",0,9.900157,0,205.841878505
"390",0,9.524732,0,3666.19826818
"391",0,9.363083,0,1297.28767562
"392",0,9.363083,0,386.957890293
"393",0,9.524732,0,434.923183424
"394",0,9.550578,0,3052.69413158
"395",0,9.363083,0,886.566923918
"396",0,9.552761,0,324.973668556
"397",0,9.552761,0,151.693534153
"398",0,9.524732,0,1113.34781098
"399",0,9.656576,0,-179.971397181
"400",0,9.656576,0,262.966690724
"401",0,9.550578,0,-37.382729994
"402",0,9.656576,0,481.804905364
"403",0,9.363083,0,125.72231495
"404",0,9.550578,0,2049.51298995
"405",0,9.550578,0,-178.482682036
"406",0,9.552761,0,66.6515382718
"407",0,9.543755,0,-101.61492551
"408",0,9.563842,0,31.8097428896
"409",0,9.563842,0,-3867.74238078
"410",0,9.503386,0,682.888264972
"411",0,9.51226,0,1253.1323568
"412",0,9.563842,0,-2125.35462031
"413",0,9.544,0,-1293.37867266
"414",0,9.575215,0,1251.79932512
"415",0,9.575215,0,2235.3343055
"416",0,9.535399,0,676.531947762
"417",0,9.51226,0,-690.107837347
"418",0,9.563842,0,-636.783884969
"419",0,9.543755,0,1292.84404372
"420",0,9.51226,0,453.698909965
"421",0,9.535399,0,-437.236166836
"422",0,9.544,0,1194.16254727
"423",0,9.285142,0,98.5427223863
"424",0,9.543755,0,1056.24576058
"425",0,10.079418,0,514.037302114
"426",0,10.381548,0,1653.3005809
"427",0,10.381548,0,452.364171781
"428",0,10.207347,0,693.605974427
"429",0,10.381548,0,448.290736919
"430",0,10.207347,0,17.3895063348
"431",0,10.4983,0,-84.3636943003
"432",0,10.4983,0,-200.616695913
"433",0,10.079418,0,336.179270191
"434",0,10.381548,0,-309.206662082
"435",0,9.706506,0,-984.404752618
"436",0,9.706506,0,-723.131424626
"437",0,9.377483,0,216.889863044
"438",0,9.377483,0,-382.371120623
"439",0,9.453815,0,-352.246448798
"440",0,9.453815,0,712.128748083
"441",0,9.453815,0,-437.731375457
"442",0,9.834065,0,46.2168607836
"443",0,9.834065,0,-798.810623997
"444",0,9.834065,0,369.810526882
"445",0,9.834065,0,-228.613139382
"446",0,9.985958,0,1537.36797427
"447",0,9.985958,0,529.111662335
"448",0,9.834065,0,-1123.23244323
"449",0,10.091329,0,-1119.8244437
"450",0,9.966099,0,-1391.37162283
"451",0,10.143625,0,-1582.77004777
"452",0,10.143625,0,-214.441355942
"453",0,10.127151,0,-371.684866079
"454",0,10.127151,0,716.616496512
"455",0,10.127151,0,1672.0888531
"456",0,10.019747,0,305.368992818
"457",0,10.134983,0,679.890500638
"458",0,10.167863,0,-548.87313984
"459",0,10.167863,0,2592.48231971
"460",0,10.152879,0,-902.044588356
"461",0,10.152879,0,-69.3825506278
"462",0,10.019747,0,-738.413075442
"463",0,10.019747,0,-2857.16605496
"464",0,10.127151,0,-2731.25815976
"465",0,10.127151,0,-1162.70816799
"466",0,10.127151,0,-2939.64297021
"467",0,10.134983,0,1267.02597096
"468",0,10.134983,0,650.857364484
"469",0,10.166142,0,-1704.90904935
"470",0,10.167863,0,1072.56383999
"471",0,10.167863,0,716.310050866
"472",0,10.152879,0,1501.33588981
"473",0,10.152879,0,434.622860126
"474",0,10.152879,0,-122.362921443
"475",0,10.116628,0,-1728.04210893
"476",0,10.116628,0,-10.5319030251
"477",0,10.116628,0,491.097150782
"478",0,10.116628,0,154.304045528
"479",0,9.848671,0,216.379860562
"480",0,9.848671,0,-594.781082826
"481",0,9.949362,0,-485.686752582
"482",0,9.949362,0,-1916.81151841
"483",0,9.792505,0,1255.76284291
"484",0,9.848382,0,407.277658182
"485",0,9.848382,0,65.1603666669
"486",0,9.848382,0,930.077833521
"487",0,9.848382,0,1037.23073176
"488",0,9.948088,0,-12.1859596232
"489",0,9.948088,0,-400.457493233
"490",0,9.948088,0,671.366126987
"491",0,9.758773,0,1648.00840863
"492",0,9.758773,0,1039.0130577
"493",0,9.986786,0,2095.28841037
"494",0,9.986786,0,1407.84472741
"495",0,9.936509,0,92.0968435984
"496",0,9.936509,0,1779.50165531
"497",0,9.936509,0,-5.05812477393
"498",0,9.986786,0,366.884841586
"499",0,9.986786,0,797.690047621
"500",0,9.986786,0,825.886192615
"501",0,9.936509,0,3274.08002399
"502",0,9.936509,0,4557.22312106
"503",0,9.991035,0,1251.64066946
"504",0,9.758773,0,805.134942802
"505",0,9.792505,0,-269.340627302
"506",0,9.991035,0,987.982978544
"507",0,9.991035,0,353.775662002
"508",0,9.991035,0,1632.81160363
"509",0,9.991035,0,1188.90894452
"510",0,9.949362,0,458.674090401
"511",0,9.949362,0,629.859760782
"512",0,9.949362,0,1018.99278707
"513",0,10.378165,0,393.135941432
"514",0,9.565604,0,-632.767818125
"515",0,9.889545,0,56.5078002167
"516",0,9.451204,0,-1281.95997949
"517",0,9.735608,0,192.876004819
"518",0,9.719767,0,1110.50303104
"519",0,9.804432,0,793.473494844
"520",0,9.773893,0,-860.0822741
"521",0,9.739614,0,138.520416194
"522",0,9.804432,0,128.527142037
"523",0,9.804432,0,-690.299619661
"524",0,9.773893,0,-189.60133826
"525",0,9.739614,0,125.679142975
"526",0,9.478608,0,261.686336454
"527",0,9.478608,0,-104.906068314
"528",0,9.478608,0,312.121812522
"529",0,9.649196,0,-1466.87989722
"530",0,9.649196,0,-1517.93327746
"531",0,9.649196,0,23.3118485254
"532",0,9.613585,0,246.088451295
"533",0,9.735608,0,943.261674556
"534",0,9.558242,0,-403.200761474
"535",0,9.558242,0,-356.448007137
"536",0,9.735608,0,-496.69878068
"537",0,9.613585,0,-1850.48338731
"538",0,9.719767,0,27.7557330391
"539",0,9.649196,0,-783.911559825
"540",0,9.739614,0,-231.13867923
"541",0,9.773893,0,281.049998688
"542",0,9.804432,0,-922.925293331
"543",0,9.496275,0,-493.017074897
"544",0,9.496275,0,170.918552814
"545",0,9.496275,0,-257.166782755
"546",0,9.496275,0,-639.06229786
"547",0,9.132931,0,-1462.79265161
"548",0,9.132931,0,1074.9467766
"549",0,9.182565,0,-118.055349097
"550",0,9.182565,0,52.4073464093
"551",0,9.182565,0,-451.772687967
"552",0,9.376438,0,-898.502481332
"553",0,9.376438,0,-309.700460731
"554",0,9.376438,0,-448.588946247
"555",0,9.376438,0,-117.326574916
"556",0,9.376438,0,-523.851079672
"557",0,9.45971,0,294.991772276
"558",0,9.45971,0,-580.141321433
"559",0,9.45971,0,-123.645015061
"560",0,9.341115,0,659.511676498
"561",0,9.341115,0,245.02120373
"562",0,9.341115,0,274.358536088
"563",0,9.341115,0,782.568591366
"564",0,9.295115,0,-672.552824486
"565",0,9.278454,0,-930.132187504
"566",0,9.278454,0,-670.64288171
"567",0,9.258437,0,-133.356221085
"568",0,9.451461,0,238.729002446
"569",0,9.451461,0,-922.88888251
"570",0,9.451461,0,-1424.86771805
"571",0,9.258437,0,-234.157142257
"572",0,9.341115,0,-324.668842273
"573",0,9.182565,0,-77.0911584339
"574",0,9.369454,0,-1063.67562334
"575",0,9.45971,0,-1087.91500421
"576",0,9.428536,0,-78.4642235212
"577",0,9.439001,0,-861.915208251
"578",0,9.439001,0,-1535.44422016
"579",0,9.682729,0,-433.6990427
"580",0,9.682729,0,-174.041721016
"581",0,9.682729,0,-461.978998258
"582",0,9.682729,0,-350.392048109
"583",0,9.586811,0,-309.216513442
"584",0,9.586811,0,-896.870715044
"585",0,9.586811,0,-419.594823608
"586",0,9.586811,0,1579.64284921
"587",0,9.47503,0,1012.89786247
"588",0,9.47503,0,-695.015902074
"589",0,9.66829,0,-239.847209775
"590",0,9.66829,0,505.990134297
"591",0,9.586811,0,-589.690462433
"592",0,9.66829,0,-511.856361994
"593",0,9.439001,0,-2226.25368311
"594",0,9.428536,0,47.2137792022
"595",0,9.445229,0,-108.5733186
"596",0,9.25557,0,-515.596264709
"597",0,9.25557,0,-123.293255508
"598",0,9.419612,0,36.5295631559
"599",0,9.419612,0,-522.73927182
"600",0,9.503038,0,-1829.21212357
"601",0,9.503038,0,-811.82828939
"602",0,9.518566,0,-707.837511072
"603",0,9.518566,0,-1111.28883665
"604",0,9.518566,0,-1556.22009639
"605",0,9.453367,0,526.130265581
"606",0,9.453367,0,-1459.61366498
"607",0,9.453367,0,370.248134697
"608",0,9.453367,0,-847.35356652
"609",0,9.49526,0,-106.877657011
"610",0,9.49526,0,-1549.37443858
"611",0,9.49526,0,-658.990130854
"612",0,9.49526,0,-655.673081639
"613",0,9.49526,0,-2100.29592649
"614",0,9.445229,0,-750.503870066
"615",0,9.445229,0,-829.190647739
"616",0,9.445229,0,-1341.15568595
"617",0,9.371187,0,-2276.95371844
"618",0,9.371187,0,-1114.93602458
"619",0,9.371187,0,-727.613625082
"620",0,10.057119,0,142.153381649
"621",0,9.297327,0,-643.329291969
"622",0,9.297327,0,-283.842045012
"623",0,9.350819,0,214.004480065
"624",0,9.350819,0,-852.222552269
"625",0,9.350819,0,-586.28185751
"626",0,9.350819,0,-857.656718239
"627",0,9.350819,0,-1034.70128929
"628",0,9.285131,0,196.038901431
"629",0,9.285131,0,-937.825341708
"630",0,9.285131,0,-391.572034288
"631",0,9.350819,0,-855.435918816
"632",0,9.297327,0,-483.519475872
"633",0,10.05119,0,-1396.51585885
"634",0,10.05119,0,-471.502855414
"635",0,10.017251,0,130.59956182
"636",0,10.064876,0,-1997.82192872
"637",0,9.776492,0,-630.499735996
"638",0,9.776492,0,213.514348009
"639",0,9.776492,0,-269.754975752
"640",0,9.776492,0,-54.2527208997
"641",0,9.799468,0,-224.719166155
"642",0,9.893246,0,-282.884721135
"643",0,9.893246,0,-422.32738126
"644",0,9.893246,0,570.278304031
"645",0,9.893246,0,-127.328446429
"646",0,9.893246,0,-1341.52982169
"647",0,9.739564,0,-79.4938295396
"648",0,9.739564,0,-152.604001699
"649",0,9.739564,0,33.965614241
"650",0,9.799468,0,223.503697639
"651",0,9.776492,0,624.856626295
"652",0,9.739564,0,-1317.15906502
"653",0,10.064876,0,-723.09475971
"654",0,10.064876,0,-530.670133662
"655",0,9.364743,0,-1094.08994821
"656",0,9.213716,0,252.433468317
"657",0,9.213716,0,-492.031990723
"658",0,9.213716,0,-1927.85934873
"659",0,9.213716,0,-1663.68108366
"660",0,9.213716,0,-156.325839815
"661",0,9.213716,0,155.780511018
"662",0,9.104168,0,470.797142392
"663",0,9.104168,0,-894.466099323
"664",0,9.220836,0,-330.726034559
"665",0,9.220836,0,-1117.69799302
"666",0,9.194212,0,-1483.5987603
"667",0,9.194212,0,-181.294494453
"668",0,9.194212,0,-1024.42046193
"669",0,9.194212,0,-1673.79885726
"670",0,9.194212,0,-223.428436544
"671",0,9.220836,0,-2164.61869209
"672",0,9.194212,0,-409.887449638
"673",0,9.28414,0,-1940.52322166
"674",0,9.221429,0,-106.716920096
"675",0,9.213716,0,134.653845664
"676",0,9.221429,0,-1817.30348556
"677",0,9.147896,0,-1548.91695296
"678",0,9.221429,0,-191.618580681
"679",0,9.221429,0,-1268.29784547
"680",0,9.221429,0,-337.418885707
"681",0,9.147896,0,-1852.47565001
"682",0,9.918371,0,-1111.60944796
"683",0,9.918371,0,802.227667981
"684",0,9.918371,0,759.885694946
"685",0,9.918371,0,-185.194163669
"686",0,9.918371,0,185.969887715
"687",0,9.918371,0,-1342.32645766
"688",0,10.049789,0,-953.943825141
"689",0,10.049789,0,188.780566746
"690",0,10.049789,0,-3802.14195094
"691",0,10.049789,0,951.425741161
"692",0,10.049789,0,-927.606584421
"693",0,10.049789,0,-466.712469781
"694",0,9.554737,0,112.842799185
"695",0,9.554737,0,978.525148696
"696",0,9.766168,0,-693.668293681
"697",0,9.764396,0,-534.335841034
"698",0,9.764396,0,-2054.67006265
"699",0,9.970019,0,-657.935593244
"700",0,9.970019,0,-373.043753835
"701",0,9.766168,0,13.0517220923
"702",0,9.724709,0,-1086.20215644
"703",0,9.710275,0,-317.67125242
"704",0,9.710275,0,-27.284071758
"705",0,9.710275,0,151.218122204
"706",0,9.710275,0,-763.71519815
"707",0,9.710275,0,885.363009372
"708",0,9.724709,0,1562.99962901
"709",0,10.585715,0,416.420201633
"710",0,10.634272,0,1638.84569989
"711",0,10.493812,0,7906.25770984
"712",0,10.47211,0,7342.13345904
"713",0,10.47211,0,11720.2410903
"714",0,10.402059,0,358.239083304
"715",0,10.462034,0,299.610261427
"716",0,10.462034,0,855.517440319
"717",0,10.462034,0,214.855917819
"718",0,10.473316,0,3713.20212256
"719",0,10.473316,0,4495.60285245
"720",0,10.473316,0,3202.14521252
"721",0,10.348859,0,5365.88920639
"722",0,10.348859,0,4799.39087416
"723",0,10.489505,0,-710.047226079
"724",0,10.505672,0,1667.93471578
"725",0,10.505672,0,-2188.48367726
"726",0,10.39935,0,7836.95086538
"727",0,10.447985,0,8545.93085429
"728",0,10.447985,0,7898.09190336
"729",0,10.485992,0,7106.92288966
"730",0,10.485992,0,2038.17347781
"731",0,10.485992,0,-536.85434424
"732",0,10.566007,0,2541.63791689
"733",0,10.476288,0,-760.971781243
"734",0,10.476288,0,4092.86711469
"735",0,10.476288,0,3691.28372361
"736",0,10.389875,0,1299.79366658
"737",0,10.389875,0,687.147175063
"738",0,10.389875,0,1322.99142073
"739",0,10.36767,0,1800.97338336
"740",0,10.36767,0,1789.25095402
"741",0,10.328771,0,1449.20809671
"742",0,10.328771,0,1313.33379763
"743",0,10.289053,0,4409.59472246
"744",0,10.289053,0,2825.50753835
"745",0,10.289053,0,3155.30265603
"746",0,10.393584,0,268.998189574
"747",0,10.385005,0,4207.04487773
"748",0,10.385005,0,1272.85066484
"749",0,10.289053,0,-654.442240099
"750",0,10.368378,0,-754.777509931
"751",0,10.368378,0,-613.259164439
"752",0,10.284686,0,4128.28613199
"753",0,10.284686,0,3514.30054025
"754",0,10.487326,0,2895.38799461
"755",0,10.451252,0,3869.30315377
"756",0,10.476029,0,2816.19465501
"757",0,10.476029,0,2793.16476242
"758",0,10.493457,0,2226.76955957
"759",0,10.493457,0,5420.9680329
"760",0,10.451252,0,3772.0404267
"761",0,10.451252,0,3297.96158829
"762",0,10.465708,0,6906.93885178
"763",0,10.297786,0,8786.53733636
"764",0,10.348859,0,7321.94385263
"765",0,10.449826,0,2397.96279217
"766",0,10.449826,0,9917.34531713
"767",0,10.451252,0,4359.52544356
"768",0,10.465708,0,10251.7398718
"769",0,10.462823,0,4538.51727321
"770",0,10.331791,0,7875.56537721
"771",0,10.462823,0,5913.14192271
"772",0,10.462823,0,7611.50279975
"773",0,10.4851,0,1340.85719846
"774",0,10.4851,0,2468.18535878
"775",0,10.4851,0,1236.54538167
"776",0,10.465536,0,3241.07976815
"777",0,10.465708,0,7398.52908762
"778",0,10.422777,0,4113.37750769
"779",0,10.422777,0,2259.48516195
"780",0,10.422777,0,9107.50990379
"781",0,10.401656,0,9834.17289232
"782",0,10.462823,0,6168.23779821
"783",0,10.465536,0,1584.06125198
"784",0,10.465536,0,647.965247593
"785",0,10.449826,0,3555.34001726
"786",0,10.401656,0,4537.79055523
"787",0,10.473316,0,4848.06542841
"788",0,10.41722,0,2600.40610192
"789",0,10.41722,0,3429.06359334
"790",0,10.41722,0,5004.77797034
"791",0,10.393584,0,1190.06839783
"792",0,10.402059,0,695.337291719
"793",0,10.305966,0,479.204167872
"794",0,10.249003,0,3980.57107277
"795",0,10.284386,0,-1517.87846358
"796",0,10.416373,0,4960.53450271
"797",0,10.416373,0,6295.01289321
"798",0,10.416373,0,6244.80402483
"799",0,10.4769,0,3488.63976384
"800",0,10.4769,0,4586.95706131
"801",0,10.4769,0,3088.2969017
"802",0,10.476288,0,1490.4449288
"803",0,10.476288,0,2282.99986202
"804",0,10.36767,0,1304.95286785
"805",0,10.328771,0,2036.3715181
"806",0,10.476029,0,750.860320989
"807",0,10.341511,0,5789.14633765
"808",0,10.341511,0,4006.66143194
"809",0,10.457209,0,5215.55530614
"810",0,10.457209,0,12619.0913364
"811",0,10.561711,0,-4368.64167899
"812",0,10.4769,0,4462.8579769
"813",0,10.4769,0,3711.49830694
"814",0,10.348859,0,6661.37044647
"815",0,10.348859,0,3724.16371716
"816",0,10.476029,0,4738.70771209
"817",0,10.493457,0,3030.64862253
"818",0,10.502336,0,4975.3672722
"819",0,10.47211,0,7378.82348145
"820",0,10.284386,0,1477.12323916
"821",0,10.513768,0,-751.436260776
"822",0,10.468618,0,-1154.95933203
"823",0,10.468618,0,311.339687044
"824",0,10.447985,0,6913.07871888
"825",0,10.447985,0,7151.09775643
"826",0,10.485992,0,-754.432027436
"827",0,10.485992,0,1640.76391962
"828",0,10.331791,0,4960.66719221
"829",0,10.331791,0,1532.21505137
"830",0,10.332305,0,9059.66069187
"831",0,10.332305,0,10140.3427525
"832",0,10.404081,0,177.233357615
"833",0,10.404081,0,4072.44521837
"834",0,10.404081,0,1063.37880865
"835",0,10.33331,0,818.703201625
"836",0,10.310419,0,10473.4470437
"837",0,10.314886,0,-628.873998005
"838",0,10.354399,0,2429.29330012
"839",0,10.321345,0,2239.42816202
"840",0,10.321345,0,10549.8397037
"841",0,10.422777,0,3382.90460402
"842",0,10.422777,0,10625.1237656
"843",0,10.401656,0,6692.99018255
"844",0,10.354399,0,6923.10727137
"845",0,10.39935,0,13277.2210194
"846",0,10.420201,0,17722.6887531
"847",0,10.354399,0,6645.81570419
"848",0,10.33331,0,1134.69875306
"849",0,10.314886,0,-399.305638717
"850",0,10.493812,0,7813.53578993
"851",0,10.402059,0,612.347626521
"852",0,10.420201,0,2903.63453517
"853",0,6.20254,0,-395.53348095
"854",0,5.893392,0,-708.300935761
"855",0,6.111461,0,-606.712132157
"856",0,5.986007,0,-842.63670425
"857",0,6.25985,0,-939.949610209
"858",0,6.225666,0,3319.02462624
"859",0,6.225666,0,677.094317582
"860",0,6.187159,0,567.971016256
"861",0,6.211751,0,1871.18918158
"862",0,6.211751,0,2717.39689151
"863",0,6.187159,0,1644.95382333
"864",0,6.041572,0,-1681.23326142
"865",0,6.031653,0,-483.074039355
"866",0,6.031653,0,-539.511850528
"867",0,6.072642,0,7619.50665355
"868",0,6.089362,0,3427.70384973
"869",0,6.072642,0,4900.70598367
"870",0,6.089362,0,4489.1583168
"871",0,6.042867,0,5791.68132841
"872",0,6.042867,0,3707.07296013
"873",0,6.042867,0,5182.46841483
"874",0,6.089362,0,5315.62515827
"875",0,6.072642,0,2371.11742658
"876",0,12.356999,0,8849.71972239
"877",0,12.406787,0,-370.780253587
"878",0,12.368798,0,6273.91648591
"879",0,12.368798,0,3823.45814879
"880",0,12.327729,0,-1700.85416417
"881",0,12.34802,0,4343.75196691
"882",0,12.305909,0,-1887.628173
"883",0,12.300443,0,5653.6593677
"884",0,12.30249,0,-3100.26340079
"885",0,12.437135,0,414.142954783
"886",0,12.41505,0,1527.8982037
"887",0,12.41505,0,1596.13775341
"888",0,12.335236,0,3070.74229675
"889",0,12.335236,0,1069.15506715
"890",0,12.329013,0,-640.409419497
"891",0,12.329013,0,3334.33130688
"892",0,12.353487,0,764.874944896
"893",0,12.353487,0,2092.11935416
"894",0,12.353487,0,2800.21598489
"895",0,12.374793,0,1024.24065911
"896",0,12.374793,0,3297.8053604
"897",0,12.350452,0,4483.50536329
"898",0,12.376842,0,458.026556773
"899",0,12.376842,0,1699.11216417
"900",0,12.376842,0,4455.76945978
"901",0,12.397923,0,2380.65045724
"902",0,12.397923,0,3646.9839761
"903",0,12.407514,0,1169.41183809
"904",0,12.402407,0,3684.34989659
"905",0,12.34802,0,1261.81052158
"906",0,12.34802,0,1052.30189852
"907",0,12.34802,0,2435.36473471
"908",0,12.327729,0,731.522095846
"909",0,12.327729,0,-640.957450823
"910",0,12.327729,0,-705.147066069
"911",0,12.32011,0,3956.04419176
"912",0,12.34802,0,1430.75817293
"913",0,12.338703,0,5565.82534575
"914",0,12.367094,0,2265.25397289
"915",0,12.364915,0,2412.97528491
"916",0,12.338703,0,5752.45466489
"917",0,12.343593,0,6877.32974639
"918",0,12.341394,0,-502.217660853
"919",0,12.335236,0,3409.1065221
"920",0,12.350452,0,5877.67596432
"921",0,12.374793,0,2305.77111013
"922",0,12.407514,0,67.6600808994
"923",0,12.376617,0,2327.42116032
"924",0,12.846114,0,3978.74206923
"925",0,12.832225,0,5201.40584415
"926",0,12.82268,0,5879.45800131
"927",0,12.82268,0,1623.53576639
"928",0,12.591481,0,1947.95648717
"929",0,12.691123,0,9252.15008232
"930",0,12.700055,0,3967.28499657
"931",0,12.82268,0,5190.3664005
"932",0,12.750512,0,5068.65000653
"933",0,12.786203,0,4590.01783626
"934",0,12.786203,0,4922.05775093
"935",0,12.624616,0,13225.8200978
"936",0,12.624616,0,943.231369338
"937",0,12.68551,0,2962.95274955
"938",0,12.891902,0,8312.66140756
"939",0,12.85439,0,4145.6750398
"940",0,12.85439,0,2487.22124492
"941",0,12.882543,0,6116.38544125
"942",0,12.867295,0,5318.19339485
"943",0,12.700055,0,6102.48554427
"944",0,12.786203,0,3436.16784338
"945",0,12.786203,0,3850.04721125
"946",0,12.786203,0,7397.37417331
"947",0,12.739214,0,2245.03537572
"948",0,12.795255,0,4188.54339613
"949",0,12.864236,0,2205.28170896
"950",0,12.850529,0,9222.66547903
"951",0,12.795756,0,7599.710476
"952",0,12.795756,0,4800.73141326
"953",0,12.795756,0,3453.64913038
"954",0,12.762995,0,5001.44993251
"955",0,12.762995,0,2765.89611219
"956",0,12.745541,0,4630.24362394
"957",0,12.762995,0,1991.64143283
"958",0,12.803425,0,3272.93159719
"959",0,12.838485,0,470.861244231
"960",0,12.832225,0,4783.63577424
"961",0,12.739214,0,4796.95968456
"962",0,12.762995,0,5662.92827019
"963",0,12.739214,0,6200.90183816
"964",0,12.803425,0,3592.69871797
"965",0,12.753957,0,2600.54243326
"966",0,12.745541,0,3180.12055477
"967",0,12.834618,0,4494.45720728
"968",0,12.834618,0,3399.2995261
"969",0,12.834618,0,5551.08276425
"970",0,12.68551,0,6990.30868712
"971",0,12.739214,0,3399.34851937
"972",0,12.713715,0,8714.75391983
"973",0,12.753957,0,6326.45326689
"974",0,12.891902,0,6073.11528595
"975",0,12.85439,0,2003.30696303
"976",0,12.906266,0,1372.4032475
"977",0,12.906266,0,4566.60823682
"978",0,12.906266,0,3559.78124232
"979",0,12.906266,0,3025.85913526
"980",0,12.781833,0,944.335156458
"981",0,12.794182,0,3850.90293785
"982",0,12.798248,0,5631.35992193
"983",0,12.803425,0,5938.35692643
"984",0,12.803425,0,2871.46786876
"985",0,12.745541,0,2527.42994988
"986",0,12.86995,0,2421.39244443
"987",0,12.86995,0,4003.32485671
"988",0,12.86995,0,4704.9076904
"989",0,12.873362,0,1702.26935246
"990",0,12.873362,0,2887.40733789
"991",0,12.873362,0,2431.14974067
"992",0,12.781833,0,508.717386889
"993",0,12.761846,0,7041.36189092
"994",0,12.7752,0,3543.98026242
"995",0,12.7752,0,7112.90695761
"996",0,12.854018,0,9760.14292162
"997",0,12.794182,0,6891.66881316
"998",0,12.873362,0,4263.83489509
"999",0,12.861385,0,2935.14529264
"1000",0,12.861385,0,1397.77275727
"1001",0,12.861385,0,4333.92780097
"1002",0,12.861385,0,6495.32370704
"1003",0,12.882543,0,6106.1092098
"1004",0,12.741389,0,4276.8763562
"1005",0,12.798248,0,5400.01857529
"1006",0,12.761846,0,2357.81698052
"1007",0,12.882543,0,2730.52279152
"1008",0,12.867295,0,4880.03145943
"1009",0,12.867295,0,3265.3340605
"1010",0,12.795255,0,2719.52608456
"1011",0,12.795255,0,5001.74120046
"1012",0,12.795255,0,9063.1031892
"1013",0,12.864236,0,3143.34106091
"1014",0,12.858683,0,1763.45125442
"1015",0,12.858683,0,1728.15341843
"1016",0,12.858683,0,3151.33841655
"1017",0,12.858683,0,4310.13118602
"1018",0,12.858683,0,3349.62554678
"1019",0,12.858683,0,6750.27686002
"1020",0,12.858683,0,7680.32721356
"1021",0,12.850529,0,4066.06743151
"1022",0,12.73198,0,5212.5689906
"1023",0,12.718583,0,10568.50841
"1024",0,12.691123,0,2315.60899265
"1025",0,12.73198,0,10931.0869049
"1026",0,12.73018,0,1958.41415298
"1027",0,12.73018,0,4575.78628428
"1028",0,12.624616,0,6304.95182175
"1029",0,12.648029,0,7994.60857911
"1030",0,12.648029,0,7382.73659386
"1031",0,12.850529,0,3672.04398904
"1032",0,12.855432,0,3867.99938322
"1033",0,12.855432,0,2940.68223699
"1034",0,12.855432,0,2415.65247587
"1035",0,12.855432,0,3321.60020932
"1036",0,12.832084,0,-2462.8385016
"1037",0,12.844329,0,5279.57603978
"1038",0,12.844329,0,3695.99029252
"1039",0,12.832084,0,547.121962887
"1040",0,12.677115,0,-2322.54133435
"1041",0,12.648029,0,1607.10249266
"1042",0,12.826197,0,5207.48352152
"1043",0,12.826197,0,6805.23671635
"1044",0,12.826197,0,4872.72683785
"1045",0,12.866915,0,4812.78400991
"1046",0,12.866915,0,2397.78588287
"1047",0,12.844329,0,2926.20112144
"1048",0,12.854018,0,3651.96957841
"1049",0,12.854018,0,3335.76997524
"1050",0,12.866915,0,7516.78181608
"1051",0,12.866915,0,7181.98060133
"1052",0,12.866915,0,5779.67689217
"1053",0,12.866915,0,2245.47103119
"1054",0,12.846114,0,5047.05914951
"1055",0,12.846114,0,6441.58821587
"1056",0,12.823301,0,1284.0115046
"1057",0,12.591481,0,-527.961190982
"1058",0,12.750512,0,8922.08959553
"1059",0,12.700055,0,4379.87944721
"1060",0,12.232056,0,4670.04207915
"1061",0,12.501289,0,6094.40436486
"1062",0,12.919479,0,9033.88765549
"1063",0,12.911367,0,3171.51765325
"1064",0,12.72871,0,7978.25539835
"1065",0,12.72871,0,5402.26737999
"1066",0,12.88791,0,2048.79701818
"1067",0,12.907225,0,3825.43607085
"1068",0,12.907225,0,8047.66058942
"1069",0,12.501289,0,7584.46282443
"1070",0,12.825256,0,8365.4637727
"1071",0,12.683859,0,10313.5621431
"1072",0,12.811376,0,9544.27225005
"1073",0,12.811376,0,6203.8930041
"1074",0,12.737394,0,2129.14956378
"1075",0,12.825256,0,5128.54160287
"1076",0,12.501289,0,1550.51776286
"1077",0,12.793245,0,5197.03373752
"1078",0,12.828457,0,500.910620345
"1079",0,12.232056,0,5511.51798194
"1080",0,12.501289,0,6803.87357595
"1081",0,12.895154,0,12207.9464777
"1082",0,12.919479,0,6306.01525956
"1083",0,12.843621,0,10638.6731853
"1084",0,12.586603,0,5200.33441662
"1085",0,12.843621,0,3725.86536044
"1086",0,12.843621,0,4196.49201687
"1087",0,12.717596,0,6352.19210924
"1088",0,12.717596,0,5165.45357968
"1089",0,12.717596,0,5425.30078651
"1090",0,12.563579,0,5038.81309547
"1091",0,12.893866,0,4979.74635016
"1092",0,12.893866,0,-1227.41016809
"1093",0,12.8388,0,5448.5241507
"1094",0,12.85353,0,5363.77850492
"1095",0,12.85353,0,3918.18078795
"1096",0,12.825256,0,4137.93547215
"1097",0,12.808597,0,2892.79516561
"1098",0,12.683859,0,13837.3643855
"1099",0,12.893866,0,3918.84323831
"1100",0,12.619501,0,6183.25965843
"1101",0,12.85353,0,8186.15507334
"1102",0,12.825256,0,3544.95607212
"1103",0,12.85353,0,2171.54571856
"1104",0,12.85353,0,6917.94986229
"1105",0,12.737394,0,3546.67114139
"1106",0,12.737394,0,632.759087594
"1107",0,12.808597,0,4403.42633738
"1108",0,12.547385,0,3345.6748198
"1109",0,12.619501,0,4300.89360841
"1110",0,12.810324,0,2571.1103504
"1111",0,12.810324,0,6582.18603464
"1112",0,12.888187,0,2735.19393146
"1113",0,12.825256,0,6052.33285906
"1114",0,12.737394,0,5344.5850269
"1115",0,12.911367,0,4578.21717927
"1116",0,12.482066,0,3632.56539495
"1117",0,12.544661,0,4722.37170579
"1118",0,12.888187,0,-654.66967073
"1119",0,12.888187,0,347.21679231
"1120",0,12.888187,0,6757.77509898
"1121",0,12.607641,0,2345.21740487
"1122",0,12.656804,0,5461.31498187
"1123",0,12.810324,0,4218.7573639
"1124",0,12.871867,0,4970.40224188
"1125",0,12.871867,0,8430.27837906
"1126",0,12.708969,0,5245.95096433
"1127",0,12.656804,0,9901.69609994
"1128",0,12.72871,0,2195.34723375
"1129",0,12.888187,0,4291.93996806
"1130",0,12.888187,0,1324.13972044
"1131",0,12.871867,0,3197.44871789
"1132",0,12.619501,0,1611.91448909
"1133",0,12.688794,0,-1930.18374237
"1134",0,12.586603,0,4756.55346943
"1135",0,12.871867,0,5438.86501096
"1136",0,12.871867,0,2890.71716983
"1137",0,12.888536,0,3862.76690634
"1138",0,12.882692,0,5290.69763695
"1139",0,12.553325,0,2379.39788211
"1140",0,12.708969,0,1579.49190768
"1141",0,12.705217,0,-1580.95192751
"1142",0,12.882692,0,3874.83188124
"1143",0,12.882692,0,4962.04113094
"1144",0,12.888536,0,2628.85828567
"1145",0,12.553325,0,3067.67227505
"1146",0,12.671649,0,3867.06095166
"1147",0,12.708969,0,3699.0086609
"1148",0,12.717596,0,2211.37127419
"1149",0,12.807793,0,745.317468846
"1150",0,12.705217,0,2856.07399804
"1151",0,12.705217,0,3127.38403222
"1152",0,12.705217,0,1707.69803081
"1153",0,12.871867,0,5440.2655335
"1154",0,12.506691,0,783.207881234
"1155",0,12.310614,0,0
"1156",0,12.882692,0,3510.51548643
"1157",0,12.671649,0,2468.68955103
"1158",0,12.808597,0,3403.0201042
"1159",0,12.672213,0,65.0521685308
"1160",0,12.684124,0,2127.74613428
"1161",0,12.684124,0,1392.71724538
"1162",0,12.717596,0,8734.53106309
"1163",0,12.783102,0,1246.79965426
"1164",0,12.783102,0,5085.37395728
"1165",0,12.882692,0,4335.96775501
"1166",0,12.882692,0,6238.26799359
"1167",0,12.882692,0,4492.5995344
"1168",0,12.888536,0,6771.35368779
"1169",0,12.434624,0,14796.2560072
"1170",0,12.434624,0,8524.13096986
"1171",0,12.8388,0,7146.7740055
"1172",0,12.807793,0,6074.29433844
"1173",0,12.688794,0,4947.79808779
"1174",0,12.807793,0,2082.65720597
"1175",0,12.888536,0,7942.67466712
"1176",0,12.364724,0,8928.11158681
"1177",0,12.232056,0,4945.70911084
"1178",0,12.553325,0,14677.0123356
"1179",0,12.807793,0,9447.95964921
"1180",0,12.688794,0,1055.96659702
"1181",0,12.688794,0,3572.21401547
"1182",0,12.810324,0,6938.20635387
"1183",0,12.783102,0,1349.02427312
"1184",0,12.506691,0,-1426.62941955
"1185",0,12.553325,0,8898.92224955
"1186",0,12.671649,0,4797.39893353
"1187",0,12.671649,0,-419.652310091
"1188",0,12.232056,0,6081.46318716
"1189",0,12.793245,0,2694.92924505
"1190",0,12.793245,0,4674.0524387
"1191",0,12.793245,0,7696.9465196
"1192",0,12.783102,0,-638.11496364
"1193",0,12.810324,0,2799.2716036
"1194",0,12.506691,0,972.251955549
"1195",0,12.808597,0,6849.5957664
"1196",0,12.737394,0,3459.38694779
"1197",0,12.364724,0,3387.83786694
"1198",0,12.793245,0,340.487247256
"1199",0,12.586603,0,9420.66382308
"1200",0,12.88791,0,2431.64935681
"1201",0,12.672213,0,4606.1679714
"1202",0,11.235075,0,3900.22966416
"1203",0,11.335592,0,2536.33205855
"1204",0,11.239638,0,14982.6280358
"1205",0,11.344985,0,2191.2556953
"1206",0,11.239638,0,4893.00548851
"1207",0,11.344985,0,4585.90100285
"1208",0,11.283665,0,4283.68678661
"1209",0,11.335592,0,5492.09814559
"1210",0,11.3485,0,6946.33987127
"1211",0,11.280694,0,5248.79454409
"1212",0,11.283665,0,4221.0468582
"1213",0,11.266015,0,3793.52023665
"1214",0,11.203189,0,12718.1510587
"1215",0,11.183262,0,-1755.80353012
"1216",0,11.235075,0,7196.12673812
"1217",0,11.203189,0,8323.40134497
"1218",0,11.282924,0,4796.08222911
"1219",0,11.344891,0,4699.07407199
"1220",0,11.343466,0,9352.41190517
"1221",0,11.235075,0,3591.08800656
"1222",0,11.204012,0,6458.34031824
"1223",0,11.233239,0,-263.572772692
"1224",0,11.266015,0,8529.16415682
"1225",0,11.206105,0,931.574811861
"1226",0,11.233239,0,-3755.18890803
"1227",0,11.347245,0,5718.9981021
"1228",0,11.235075,0,4077.72088399
"1229",0,11.335592,0,10370.2149746
"1230",0,11.335592,0,5441.61558675
"1231",0,11.343466,0,2626.40922344
"1232",0,11.343466,0,1149.0671906
"1233",0,11.206404,0,1970.93826165
"1234",0,11.280694,0,10087.3281652
"1235",0,11.204329,0,196.867426505
"1236",0,11.343,0,8477.9217751
"1237",0,11.219101,0,5623.04139681
"1238",0,11.343466,0,2779.94030939
"1239",0,11.206567,0,-1554.16544908
"1240",0,11.241076,0,4045.39353621
"1241",0,11.283665,0,979.157645748
"1242",0,11.204012,0,7159.07174252
"1243",0,11.177461,0,-3516.56119058
"1244",0,11.283665,0,8390.0658068
"1245",0,11.343737,0,11851.3697029
"1246",0,11.206404,0,1936.72625862
"1247",0,11.204012,0,6709.26098644
"1248",0,11.343466,0,2159.57986147
"1249",0,11.176867,0,3752.34250506
"1250",0,11.204012,0,4456.92112197
"1251",0,11.185752,0,1149.08288505
"1252",0,11.206404,0,1478.0610053
"1253",0,11.343737,0,7405.26114115
"1254",0,11.203189,0,5732.77516809
"1255",0,11.280694,0,6573.90361399
"1256",0,11.177461,0,-1903.3650657
"1257",0,11.283665,0,9705.85579291
"1258",0,11.280694,0,9882.95913252
"1259",0,11.241076,0,6245.74647725
"1260",0,11.183262,0,-704.228369151
"1261",0,11.176867,0,3739.05553963
"1262",0,11.219101,0,5664.31292036
"1263",0,11.235075,0,7528.5109563
"1264",0,11.343737,0,6776.0654926
"1265",0,11.236583,0,4059.57274856
"1266",0,11.236583,0,12372.7537415
"1267",0,11.170902,0,-2421.52886933
"1268",0,11.236583,0,3338.05009867
"1269",0,11.349635,0,10880.8628581
"1270",0,11.236583,0,4662.07754791
"1271",0,11.203189,0,5670.75003874
"1272",0,11.266015,0,4830.48004039
"1273",0,11.219101,0,5579.56171018
"1274",0,11.282924,0,6318.03321535
"1275",0,11.326621,0,7117.7189858
"1276",0,11.236583,0,10962.243926
"1277",0,11.326621,0,13689.8815519
"1278",0,11.326621,0,4178.70138586
"1279",0,11.347245,0,3343.62746281
"1280",0,11.343,0,8672.29294674
"1281",0,11.185752,0,4824.49185046
"1282",0,11.344985,0,6091.05925161
"1283",0,11.266015,0,3610.98555951
"1284",0,11.335592,0,5878.57830578
"1285",0,11.315908,0,4733.74589941
"1286",0,11.32998,0,7087.88355975
"1287",0,11.337805,0,7057.07691371
"1288",0,11.337805,0,12460.8365735
"1289",0,11.342714,0,1182.8741153
"1290",0,11.342714,0,1004.28713351
"1291",0,11.347106,0,3696.1634293
"1292",0,11.347106,0,2653.94126715
"1293",0,11.344372,0,524.491828438
"1294",0,11.324702,0,9532.56164736
"1295",0,11.353862,0,3433.18691825
"1296",0,11.353862,0,4269.01795451
"1297",0,11.305444,0,5187.06751474
"1298",0,11.305444,0,1396.1302814
"1299",0,11.30828,0,6745.22945151
"1300",0,11.30828,0,1875.53213418
"1301",0,11.313272,0,5133.240771
"1302",0,11.298554,0,4268.52030983
"1303",0,11.313272,0,4051.76501826
"1304",0,11.335962,0,3561.54117504
"1305",0,11.335962,0,3791.6770464
"1306",0,11.335962,0,3969.5976127
"1307",0,11.335962,0,3681.16842036
"1308",0,11.338111,0,2580.22948213
"1309",0,11.314312,0,3934.0869238
"1310",0,11.314312,0,3786.32612591
"1311",0,11.314312,0,3659.63925074
"1312",0,11.291113,0,2035.15020395
"1313",0,11.291113,0,1226.65693006
"1314",0,11.347106,0,-811.766660412
"1315",0,11.305444,0,6321.63823192
"1316",0,11.313272,0,5904.95177726
"1317",0,11.335962,0,5098.13166358
"1318",0,11.338111,0,5396.70080767
"1319",0,11.314312,0,7291.03993701
"1320",0,11.315908,0,3060.67542893
"1321",0,11.334921,0,2799.61527711
"1322",0,11.344372,0,1007.3978174
"1323",0,11.347106,0,5314.44160271
"1324",0,11.338111,0,3816.57255682
"1325",0,11.344372,0,5847.20198985
"1326",0,11.324702,0,7078.08482204
"1327",0,11.30828,0,10321.7564968
"1328",0,11.314737,0,3379.96253535
"1329",0,11.314737,0,3624.82099185
"1330",0,11.313272,0,7709.47647377
"1331",0,11.202007,0,219.821678308
"1332",0,11.263379,0,-2372.16704176
"1333",0,11.278585,0,2615.35237122
"1334",0,11.216755,0,3547.72500774
"1335",0,11.214307,0,2749.58711781
"1336",0,11.207218,0,1585.97238925
"1337",0,11.089133,0,2382.16658217
"1338",0,11.126531,0,-1263.29862925
"1339",0,11.268714,0,13102.9665007
"1340",0,11.259459,0,-1556.8225314
"1341",0,11.295666,0,1011.89959275
"1342",0,11.188888,0,2010.17047383
"1343",0,11.126531,0,516.853234171
"1344",0,11.21337,0,1564.24937468
"1345",0,11.21337,0,4454.79333206
"1346",0,11.188888,0,2886.64325781
"1347",0,11.188888,0,176.559874417
"1348",0,11.188888,0,2238.09489639
"1349",0,11.188888,0,8216.29727405
"1350",0,11.21337,0,2290.55939121
"1351",0,11.21337,0,4275.88887341
"1352",0,11.126531,0,4729.84909336
"1353",0,11.263379,0,-2430.8722192
"1354",0,11.290176,0,1972.32489671
"1355",0,11.268714,0,4677.62052965
"1356",0,11.290176,0,5672.17668978
"1357",0,11.263744,0,5732.52273932
"1358",0,11.263744,0,1551.80780921
"1359",0,11.290176,0,8131.94136751
"1360",0,11.216755,0,5450.90328324
"1361",0,11.295666,0,-7006.593528
"1362",0,11.187581,0,3789.26032448
"1363",0,11.202007,0,1285.32273906
"1364",0,11.128796,0,-358.421846445
"1365",0,11.128796,0,-421.545016422
"1366",0,11.187581,0,3449.18751471
"1367",0,11.187581,0,4893.47796145
"1368",0,11.089133,0,1240.54840469
"1369",0,11.255191,0,8707.9223729
"1370",0,11.278585,0,7602.92647827
"1371",0,11.253196,0,8132.95483431
"1372",0,11.253196,0,3247.10819054
"1373",0,11.217264,0,2367.77458893
"1374",0,11.272295,0,-407.503576483
"1375",0,11.217264,0,7191.55311356
"1376",0,11.217264,0,1967.57088629
"1377",0,11.243199,0,3394.31534114
"1378",0,11.279091,0,1002.57925562
"1379",0,11.279091,0,2751.76505207
"1380",0,11.207218,0,3347.07945402
"1381",0,11.237812,0,3451.05457347
"1382",0,11.237812,0,3921.20285297
"1383",0,11.237812,0,4555.11280794
"1384",0,11.216755,0,5684.77044206
"1385",0,11.217411,0,5631.99850865
"1386",0,11.214307,0,5176.55761537
"1387",0,11.214307,0,1937.5146127
"1388",0,11.217411,0,2934.48266963
"1389",0,9.476509,0,6445.1329302
"1390",0,9.452138,0,7556.03476786
"1391",0,9.388127,0,2281.39657725
"1392",0,9.450857,0,3634.77141225
"1393",0,9.429699,0,3662.52236538
"1394",0,9.382806,0,5606.47949347
"1395",0,9.447763,0,9098.43716643
"1396",0,9.33453,0,2393.01005657
"1397",0,9.452618,0,2792.10791498
"1398",0,9.476509,0,1463.92792784
"1399",0,9.452138,0,4409.98925263
"1400",0,9.447763,0,6579.43319123
"1401",0,9.459122,0,3701.18425406
"1402",0,9.450857,0,6555.34803622
"1403",0,9.427483,0,5798.1090413
"1404",0,9.452138,0,2631.92150051
"1405",0,9.382806,0,5576.9969984
"1406",0,9.43179,0,9203.15901086
"1407",0,9.476509,0,5035.35753468
"1408",0,9.388127,0,1432.62459694
"1409",0,9.428683,0,-174.379274806
"1410",0,9.43229,0,3035.32554207
"1411",0,9.452618,0,7467.79550512
"1412",0,9.360772,0,2063.46780995
"1413",0,9.441465,0,8009.3223245
"1414",0,9.429699,0,2866.61631912
"1415",0,9.398476,0,4378.73033866
"1416",0,9.427483,0,5590.26819353
"1417",0,9.493804,0,-348.769880264
"1418",0,9.459404,0,4647.81526966
"1419",0,9.43229,0,5341.35042539
"1420",0,9.43179,0,3991.78955677
"1421",0,10.380262,0,1028.9393932
"1422",0,10.485348,0,3385.74819448
"1423",0,10.549688,0,3651.90678529
"1424",0,10.634272,0,-456.988249992
"1425",0,10.634272,0,3282.0314587
"1426",0,10.634272,0,2637.44516663
"1427",0,10.634272,0,-1757.8371569
"1428",0,9.739564,0,-622.458034564
"1429",0,10.585715,0,4293.24929204
