<?xml version="1.0" encoding="UTF-8"?><metadata>
<idinfo>
<descript>
<abstract>Promise Zones are high-poverty urban, rural and tribal communities with whom the federal government will partner and invest to create jobs, leverage private investment, increase economic activity, expand educational opportunities, and reduce violent crime. Through a competitive application process, Promise Zone designees have identified a set of outcomes they will pursue to revitalize their communities, develop a strategy supporting those outcomes, and realign resources accordingly. The first round of designees was announced in January 2014. Participating agencies: HUD, USDA, Commerce, CNCS, Ed, HHS, DOJ, DOL, SBA, Treasury. 
 
Original Release Date: Fiscal year 2016
Last Revision Date: 06/24/2016

uTag: 053ff6fd-592e-44ec-9e12-b24d28b7583e
</abstract>
<purpose>Promise Zones are high-poverty urban, rural and tribal communities with whom the federal government will partner and invest to create jobs, leverage private investment, increase economic activity, and expand educational opportunities.</purpose>
</descript>
<keywords>
<theme>
<themekt>None</themekt>
<themekey>Promise</themekey>
<themekey>Zone</themekey>
<themekey>HUD</themekey>
<themekey>USDA</themekey>
<themekey>CNCS</themekey>
<themekey>HHS</themekey>
<themekey>DOJ</themekey>
<themekey>DOL</themekey>
<themekey>SBA</themekey>
<themekey>Treasury</themekey>
<themekey>053ff6fd-592e-44ec-9e12-b24d28b7583e</themekey>
</theme>
</keywords>
<accconst>None</accconst>
<useconst/>
<datacred/>
</idinfo>
<metainfo>
<metstdn>FGDC Content Standard for Digital Geospatial Metadata</metstdn>
<metstdv>FGDC-STD-001-1998</metstdv>
<mettc>local time</mettc>
</metainfo>
</metadata>
